"a2","a3","name","population"
"UM","UMI","ABD Uzak Adaları","165314"
"VI","VIR","ABD Virjin Adaları","107268"
"AF","AFG","Afganistan","35530081"
"AX","ALA","Åland Adaları","0"
"DE","DEU","Almanya","82695000"
"US","USA","Amerika Birleşik Devletleri","325719178"
"AS","ASM","Amerikan Samoası","55641"
"AD","AND","Andorra","76965"
"AO","AGO","Angola","29784193"
"AI","AIA","Anguilla","0"
"AQ","ATA","Antarktika","0"
"AG","ATG","Antigua ve Barbuda","102012"
"AR","ARG","Arjantin","44271041"
"AL","ALB","Arnavutluk","2873457"
"AW","ABW","Aruba","105264"
"AC",,"Ascension Adası","0"
"AU","AUS","Avustralya","24598933"
"AT","AUT","Avusturya","8809212"
"AZ","AZE","Azerbaycan","9862429"
"BS","BHS","Bahamalar","395361"
"BH","BHR","Bahreyn","1492584"
"BD","BGD","Bangladeş","164669751"
"BB","BRB","Barbados","285719"
"EH","ESH","Batı Sahra","0"
"BY","BLR","Belarus","9507875"
"BE","BEL","Belçika","11372068"
"BZ","BLZ","Belize","374681"
"BJ","BEN","Benin","11175692"
"BM","BMU","Bermuda","65441"
"AE","ARE","Birleşik Arap Emirlikleri","9400145"
"GB","GBR","Birleşik Krallık","66022273"
"UN",,"Birleşmiş Milletler","0"
"BO","BOL","Bolivya","11051600"
"BA","BIH","Bosna-Hersek","3507017"
"BW","BWA","Botsvana","2291661"
"BR","BRA","Brezilya","209288278"
"IO","IOT","Britanya Hint Okyanusu Toprakları","0"
"VG","VGB","Britanya Virjin Adaları","31196"
"BN","BRN","Brunei","428697"
"BG","BGR","Bulgaristan","7075991"
"BF","BFA","Burkina Faso","19193382"
"BI","BDI","Burundi","10864245"
"BT","BTN","Butan","807610"
"CV","CPV","Cape Verde","546388"
"KY","CYM","Cayman Adaları","61559"
"GI","GIB","Cebelitarık","34571"
"DZ","DZA","Cezayir","41318142"
"CX","CXR","Christmas Adası","0"
"DJ","DJI","Cibuti","956985"
"CC","CCK","Cocos (Keeling) Adaları","0"
"CK","COK","Cook Adaları","0"
"CW","CUW","Curaçao","161014"
"TD","TCD","Çad","14899994"
"CZ","CZE","Çekya","10591323"
"CN","CHN","Çin","1386395000"
"HK","HKG","Çin Hong Kong ÖİB","7391700"
"MO","MAC","Çin Makao ÖİB","622567"
"DK","DNK","Danimarka","5769603"
"DG",,"Diego Garcia","0"
"DO","DOM","Dominik Cumhuriyeti","10766998"
"DM","DMA","Dominika","73925"
"EC","ECU","Ekvador","16624858"
"GQ","GNQ","Ekvator Ginesi","1267689"
"SV","SLV","El Salvador","6377853"
"ID","IDN","Endonezya","263991379"
"ER","ERI","Eritre","0"
"AM","ARM","Ermenistan","2930450"
"EE","EST","Estonya","1315480"
"ET","ETH","Etiyopya","104957438"
"EZ",,"Eurozone","0"
"FK","FLK","Falkland Adaları","0"
"FO","FRO","Faroe Adaları","49290"
"MA","MAR","Fas","35739580"
"FJ","FJI","Fiji","905502"
"CI","CIV","Fildişi Sahili","24294750"
"PH","PHL","Filipinler","104918090"
"PS","PSE","Filistin Bölgeleri","4684777"
"FI","FIN","Finlandiya","5511303"
"FR","FRA","Fransa","67118648"
"GF","GUF","Fransız Guyanası","32125"
"TF","ATF","Fransız Güney Toprakları","0"
"PF","PYF","Fransız Polinezyası","283007"
"GA","GAB","Gabon","2025137"
"GM","GMB","Gambiya","2100568"
"GH","GHA","Gana","28833629"
"GN","GIN","Gine","12717176"
"GW","GNB","Gine-Bissau","1861283"
"GD","GRD","Grenada","107825"
"GL","GRL","Grönland","56171"
"GP","GLP","Guadalupe","0"
"GU","GUM","Guam","164229"
"GT","GTM","Guatemala","16913503"
"GG","GGY","Guernsey","0"
"GY","GUY","Guyana","777859"
"ZA","ZAF","Güney Afrika","56717156"
"GS","SGS","Güney Georgia ve Güney Sandwich Adaları","1788388852"
"KR","KOR","Güney Kore","51466201"
"SS","SSD","Güney Sudan","12575714"
"GE","GEO","Gürcistan","3717100"
"HT","HTI","Haiti","10981229"
"HR","HRV","Hırvatistan","4125700"
"IN","IND","Hindistan","1339180127"
"NL","NLD","Hollanda","17132854"
"HN","HND","Honduras","9265067"
"IQ","IRQ","Irak","38274618"
"IR","IRN","İran","81162788"
"IE","IRL","İrlanda","4813608"
"ES","ESP","İspanya","46572028"
"IL","ISR","İsrail","8712400"
"SE","SWE","İsveç","10067744"
"CH","CHE","İsviçre","8466017"
"IT","ITA","İtalya","60551416"
"IS","ISL","İzlanda","341284"
"JM","JAM","Jamaika","2890299"
"JP","JPN","Japonya","126785797"
"JE","JEY","Jersey","0"
"KH","KHM","Kamboçya","16005373"
"CM","CMR","Kamerun","24053727"
"CA","CAN","Kanada","36708083"
"IC",,"Kanarya Adaları","0"
"ME","MNE","Karadağ","622471"
"BQ","BES","Karayip Hollanda","628059792"
"QA","QAT","Katar","2639211"
"KZ","KAZ","Kazakistan","18037646"
"KE","KEN","Kenya","49699862"
"CY","CYP","Kıbrıs","1179551"
"KG","KGZ","Kırgızistan","6201500"
"KI","KIR","Kiribati","116398"
"CO","COL","Kolombiya","49065615"
"KM","COM","Komorlar","813912"
"CG","COG","Kongo - Brazavil","5260750"
"CD","COD","Kongo - Kinşasa","81339988"
"XK","XKX","Kosova","1830700"
"CR","CRI","Kosta Rika","4905769"
"KW","KWT","Kuveyt","4136528"
"KP","PRK","Kuzey Kore","25490965"
"MP","MNP","Kuzey Mariana Adaları","55144"
"CU","CUB","Küba","11484636"
"LA","LAO","Laos","6858160"
"LS","LSO","Lesotho","2233339"
"LV","LVA","Letonya","1940740"
"LR","LBR","Liberya","4731906"
"LY","LBY","Libya","6374616"
"LI","LIE","Liechtenstein","37922"
"LT","LTU","Litvanya","2827721"
"LB","LBN","Lübnan","6082357"
"LU","LUX","Lüksemburg","599449"
"HU","HUN","Macaristan","9781127"
"MG","MDG","Madagaskar","25570895"
"MK","MKD","Makedonya","2083160"
"MW","MWI","Malavi","18622104"
"MV","MDV","Maldivler","436330"
"MY","MYS","Malezya","31624264"
"ML","MLI","Mali","18541980"
"MT","MLT","Malta","465292"
"IM","IMN","Man Adası","84287"
"MH","MHL","Marshall Adaları","53127"
"MQ","MTQ","Martinik","0"
"MU","MUS","Mauritius","1264613"
"YT","MYT","Mayotte","0"
"MX","MEX","Meksika","129163276"
"EG","EGY","Mısır","97553151"
"FM","FSM","Mikronezya","105544"
"MN","MNG","Moğolistan","3075647"
"MD","MDA","Moldova","3549750"
"MC","MCO","Monako","38695"
"MS","MSR","Montserrat","0"
"MR","MRT","Moritanya","4420184"
"MZ","MOZ","Mozambik","29668834"
"MM","MMR","Myanmar (Burma)","53370609"
"NA","NAM","Namibya","2533794"
"NR","NRU","Nauru","13649"
"NP","NPL","Nepal","29304998"
"NE","NER","Nijer","21477348"
"NG","NGA","Nijerya","190886311"
"NI","NIC","Nikaragua","6217581"
"NU","NIU","Niue","0"
"NF","NFK","Norfolk Adası","0"
"NO","NOR","Norveç","5282223"
"CF","CAF","Orta Afrika Cumhuriyeti","4659080"
"UZ","UZB","Özbekistan","32387200"
"PK","PAK","Pakistan","197015955"
"PW","PLW","Palau","21729"
"PA","PAN","Panama","4098587"
"PG","PNG","Papua Yeni Gine","8251162"
"PY","PRY","Paraguay","6811297"
"PE","PER","Peru","32165485"
"PN","PCN","Pitcairn Adaları","0"
"PL","POL","Polonya","37975841"
"PT","PRT","Portekiz","10293718"
"PR","PRI","Porto Riko","3337177"
"RE","REU","Réunion","0"
"RO","ROU","Romanya","19586539"
"RW","RWA","Ruanda","12208407"
"RU","RUS","Rusya","144495044"
"BL","BLM","Saint Barthelemy","0"
"SH","SHN","Saint Helena","0"
"KN","KNA","Saint Kitts ve Nevis","55345"
"LC","LCA","Saint Lucia","178844"
"MF","MAF","Saint Martin","32125"
"PM","SPM","Saint Pierre ve Miquelon","0"
"VC","VCT","Saint Vincent ve Grenadinler","109897"
"WS","WSM","Samoa","196440"
"SM","SMR","San Marino","33400"
"ST","STP","São Tomé ve Príncipe","204327"
"SN","SEN","Senegal","15850567"
"EA",,"Septe ve Melilla","0"
"SC","SYC","Seyşeller","95843"
"RS","SRB","Sırbistan","7022268"
"SL","SLE","Sierra Leone","7557212"
"SG","SGP","Singapur","5612253"
"SX","SXM","Sint Maarten","41109"
"SK","SVK","Slovakya","5439892"
"SI","SVN","Slovenya","2066748"
"SB","SLB","Solomon Adaları","611343"
"SO","SOM","Somali","14742523"
"LK","LKA","Sri Lanka","21444000"
"SD","SDN","Sudan","40533330"
"SR","SUR","Surinam","563402"
"SY","SYR","Suriye","18269868"
"SA","SAU","Suudi Arabistan","32938213"
"SJ","SJM","Svalbard ve Jan Mayen","0"
"SZ","SWZ","Svaziland","1367254"
"CL","CHL","Şili","18054726"
"TJ","TJK","Tacikistan","8921343"
"TZ","TZA","Tanzanya","57310019"
"TH","THA","Tayland","69037513"
"TW","TWN","Tayvan","0"
"TL","TLS","Timor-Leste","1296311"
"TG","TGO","Togo","7797694"
"TK","TKL","Tokelau","0"
"TO","TON","Tonga","108020"
"TT","TTO","Trinidad ve Tobago","1369125"
"TA",,"Tristan da Cunha","0"
"TN","TUN","Tunus","11532127"
"TC","TCA","Turks ve Caicos Adaları","35446"
"TV","TUV","Tuvalu","11192"
"TR","TUR","Türkiye","80745020"
"TM","TKM","Türkmenistan","5758075"
"UG","UGA","Uganda","42862958"
"UA","UKR","Ukrayna","44831159"
"OM","OMN","Umman","4636262"
"UY","URY","Uruguay","3456750"
"JO","JOR","Ürdün","9702353"
"VU","VUT","Vanuatu","276244"
"VA","VAT","Vatikan","0"
"VE","VEN","Venezuela","31977065"
"VN","VNM","Vietnam","95540800"
"WF","WLF","Wallis ve Futuna","0"
"YE","YEM","Yemen","28250420"
"NC","NCL","Yeni Kaledonya","280460"
"NZ","NZL","Yeni Zelanda","4793900"
"GR","GRC","Yunanistan","10760421"
"ZM","ZMB","Zambiya","17094130"
"ZW","ZWE","Zimbabve","16529904"
